,R_Squared,Jaccard_Score,F1_Score
Score:,0.7518722247995229,0.7366514237744936,0.7156395805949464
