,R_Squared,Jaccard_Score,F1_Score
Score:,0.7518059513552919,0.7359886893321846,0.7150537347318779
